painting_id,title,description,har_nbr,image_name,thumb_name,create_user_id,create_date,last_modified_user_id,last_modified_date,publish_type_id,is_locked,lock_user_id,lock_date,source,source_url,type,century,tradition,tradition_id,tbrc_gid,artist_name,artist_tbrc_pid
131,Barawa Kagyu Refuge Field,"<p>
	Nineteenth century (likely made after&nbsp;1829)&nbsp;painting from Drumpa Monastery in southern Tibet near the border of Bhutan depicts the&nbsp;Mountain Dharma Trilogy transmission of Yanggonpa. The painting portrays Kagyu masters including lineages of the Barawa subsect of the Drukpa Kagyu. Annotations and analysis courtesy of Dr. Marlene Erschbamer.</p>",98406,barawa-refuge-field.jpg,barawa-refuge-field_thumb.jpg,342,2024-01-25 23:06:48,2,2024-01-30 15:45:03,5,1,342,2024-07-24 17:48:21,"<p>
	<em>Visual Dharma: The Buddhist Art of Tibet</em> by Chogyam Trungpa. United Kingdom: Shambhala, 1975, pp 8-9.</p>",,painting,74,Barawa Kagyu,77,TOLG1694,,
42,Portrait of Drenpa Namkha,"<p>
	Nineteenth century portrait of the Bon master Drenpa Namkha surrounded by deities and lineage masters.</p>",65401,65401.jpg,65401_thumb.jpg,2,2016-05-20 11:05:41,342,2016-05-26 11:50:46,5,1,342,2016-05-26 11:50:46,Rubin Museum of Art,,painting,73,Bon,72,,,
24,Cakrasamvara with the footprints of Drigungpa Rinchen Pel.,"<p>
	Chakrasamvara, Sahaja Heruka, with the footprints of Drigungpa Rinchen Pel.</p>",65205,65205.jpg,65205_thumb.jpg,2,2011-07-28 15:55:55,342,2016-05-26 14:26:43,5,1,2,2016-03-21 12:39:34,Rubin Museum of Art,,painting,49,Drigung Kagyu,42,,,
40,Jikten Gonpo with the First Chungtsang and the Second Chetsang,"<p>
	This sixteenth century painting shows the Drigung founder, Jikten Gonpo, with two men who stood at the beginning of the two main incarnation lines at monastery, the Drigung Chetsang and the Drigung Chungtsang.</p>",1034,1034.jpg,1034_thumb.jpg,2,2014-02-14 7:48:04,342,2016-05-26 10:52:58,5,1,2,2016-03-21 14:28:35,Rubin Museum of Art,,painting,61,Drigung Kagyu,42,,,
56,Padmasambhava with Drigung Kagyu Refuge Field,"<p>
	This late eighteenth or early twentieth century Drigung Kagyu painting of Padmasambhava and the Drigung Kagyu refuge field is associated with a terma tradition of Rinchen Puntsok. Drigung Monastery is pictured along the bottom of the painting along with Terdrom on the left edge. A nearby treasure site is shown adjacent to Terdrom.</p>",413,413-padmasambhava.jpg,413-padmasambhava_thumb.jpg,342,2016-06-13 17:00:09,342,2016-07-14 11:57:23,5,0,,,Rubin Museum of Art,,painting,76,Drigung Kagyu,42,G340,,
31,Gampopa together with early Drukpa Kagyu masters,"<p>
	A magnificent eighteenth century painting depicting Gampopa with a number of early Drukpa Kagyu masters, including early abbots of Ralung Monastery and several of the ""Nine Incomparable Lions.""</p>",276,HAR276.jpg,HAR276_thumb.jpg,2,2011-11-11 17:09:20,342,2016-05-26 14:09:31,5,1,2,2016-03-21 12:43:52,Rubin Museum of Art,,painting,69,Drukpa Kagyu,40,,,
36,Namkha Pelzang and a Naro Chodruk lineage,"<p>
	This eighteenth century painting of Namkha Pelzang, the twelfth abbot of Ralung Monastery, belongs to a set of Ralung patriarchs. Two other paintings belonging to the set can be seen on Himalayan Art Resources.</p>",65193,65193.jpg,65193_thumb.jpg,2,2013-05-16 14:44:23,342,2016-05-26 14:11:47,5,1,2,2016-03-21 12:42:17,Rubin Museum of Art,,painting,69,Drukpa Kagyu,40,,,
43,Drukpa Kagyu Lineage of Bhutan,"<p>
	Nineteenth century painting of the Drukpa Kagyu lineage of Bhutan.</p>",65249,65249.jpg,65249_thumb.jpg,342,2016-05-20 12:46:17,342,2016-10-28 11:39:04,5,1,233,2016-05-25 13:23:42,"<p>
	Rubin Museum of Art</p>",,painting,73,Drukpa Kagyu,40,,,
44,Drukpa Kagyu and Kagyu Lineages,"<p>
	Eighteenth century thangka of Drukpa Kagyu and Kagyu lineage masters.</p>",362,362.jpg,362_thumb.jpg,342,2016-05-20 16:38:30,343,2016-06-03 17:26:55,5,1,342,2024-04-05 17:25:06,Rubin Museum of Art,,painting,69,Drukpa Kagyu,40,,,
84,Mahakala with Four Hands,"<p>
	The central figure of Mahakala is depicted with historical figures including Nāgārjuna and Ga Lotsāwa, as well as masters of the Drukpa Kagyu lineage.</p>",453,mahakala-drukpa.jpg,mahakala-drukpa_thumb.jpg,342,2017-03-22 11:54:14,342,2017-03-22 12:26:37,5,1,342,2017-03-22 12:26:37,Rubin Museum of Art,,painting,69,Drukpa Kagyu,40,,,
1,Tsongkhapa,"<p>
	A painting of Tsongkapa, founder of the Geluk tradition, with the two principal students, Gyaltsab on the left and Khedrub on the right.</p>",595,HAR595_nav.jpg,HAR595_nav_thumb.jpg,1,2011-07-08 21:22:01,342,2016-05-26 13:48:44,5,1,2,2016-03-21 12:46:49,Rubin Museum of Art,,painting,59,Geluk,27,,,
18,Tsongkhapa,"<p>
	Tsongkhapa, founder of the Geluk tradition, with the two principal students, Gyaltsab on the left and Khedrubje on the right.</p>",76,HAR76_nav.jpg,HAR76_nav_thumb.jpg,1,2011-07-24 20:12:28,342,2016-10-07 12:05:40,5,1,2,2016-03-21 13:35:07,"<p>
	Rubin Museum of Art</p>",,painting,61,Geluk,27,,,
30,Tsongkhapa,"<p>
	A very early -- possibly the earliest known -- portrait of Tsongkhapa narrating his life story.</p>",410,410 Tsongkhapa.jpg,410 Tsongkhapa_thumb.jpg,2,2011-09-24 1:30:02,342,2016-05-26 14:03:00,5,1,2,2016-03-21 12:44:04,Rubin Museum of Art,,painting,57,Geluk,27,,,
32,The Seventh Dalai Lama with previous incarnations,"<p>
	The Seventh Dalai Lama, Kelzang Gyatso, along with a selection of the previous incarnations according to the <em>Kadam Lekbam</em>.</p>",380,380.Seventh DL.jpg,380.Seventh DL_thumb.jpg,2,2011-12-14 17:16:45,342,2016-05-26 14:10:15,5,1,2,2016-03-21 12:43:30,Rubin Museum of Art,,painting,69,Geluk,27,,,
67,The Potala Palace and the Main Monuments of Lhasa,"<p>
	This painting shows major sites of Lhasa including the Jokhang, Potala Palace and Lukhang. The monasteries of Sera, Drepung, and Sangpu Neutok are also pictured. It is possible that the image depicts activities during Losar festivities.</p>
<p>
	&nbsp;</p>
<p>
	&nbsp;</p>",65848,C2009.4HAR65848.jpg,C2009.4HAR65848_thumb.jpg,342,2016-07-14 17:23:04,342,2017-03-22 13:09:34,5,0,,,"<div>
	Tibet or Inner Mongolia; 18th – early 19th century</div>
<div>
	Distemper on cloth</div>
<div>
	Rubin Museum of Art</div>
<div>
	C2009.4 (HAR 65848)</div>
<div>
	&nbsp;</div>",,painting,77,Geluk,27,,,
68,Scenes from the Life of the Fifth Dalai Lama (1617-1682),"<p>
	An eighteenth century painting of The Fifth Dalai Lama pictured with major scenes from his life.&nbsp;</p>",65275,62 Rubin Dalai Lama C2003.9.2 image only.jpg,62 Rubin Dalai Lama C2003.9.2 image only_thumb.jpg,342,2016-08-29 17:02:24,342,2016-09-06 15:43:44,5,1,342,2024-04-16 20:50:32,"<p>
	Rubin Museum of Art</p>
<p>
	C2003.9.2</p>
<p>
	(HAR 65275)</p>
<p>
	Tibet; 18<sup>th</sup>&nbsp;century</p>
<p>
	Pigments on cloth<br />
	&nbsp;</p>
<p>
	&nbsp;</p>",,painting,69,Geluk,27,,,
73,Khedrubje Gelek Pelzang,"<p>
	To the left, Khedrupje is depicted while thinking of his great teacher, Tsongkhapa, who appears above him on a cloud. On the middle right, Khedrubje is making an offering to Tsongkhapa. On the lower right, Khedrubje is seated while editing a manuscript.</p>",56,khedrupje.jpg,khedrupje_thumb.jpg,342,2016-09-08 14:51:37,342,2016-09-08 14:55:11,5,0,,,Collection of Shelley & Donald Rubin,,painting,73,Geluk,27,,,
78,The Eighth Tatsak,"<p>
	A nineteenth century painting from Tibet of the Eighth Tatsak with prominent Geluk figures.&nbsp;</p>",65916,kundeling.jpg,kundeling_thumb.jpg,342,2016-12-15 12:07:48,342,2017-08-24 18:26:25,5,1,342,2017-08-24 18:26:33,Rubin Museum of Art,,painting,73,Geluk,27,,,
81,Shakyamuni Buddha,"<p>
	The central figure of Shakyamuni Buddha is shown with Tsongkhapa and primary disciples in the upper left corner. Below are protector deities.</p>
<p>
	&nbsp;</p>",39,tsongkhapa.jpg,tsongkhapa_thumb.jpg,342,2017-02-01 12:48:45,342,2017-02-01 12:55:30,5,0,,,Rubin Museum of Art,,painting,0,Geluk,27,,,
89,Go Lotsawa Khukpa Lhetse,"<p>
	The important translator Go Khukpa Lhetse is the central figure of this 19th century painting, with Atiśa depicted above.&nbsp;</p>",71925,khukpa-lhetse.jpg,khukpa-lhetse_thumb.jpg,342,2017-08-22 12:00:11,342,2017-08-22 12:02:52,5,1,342,2017-08-22 12:02:52,"<p>
	Tibet House Museum, New Delhi</p>",,painting,73,Geluk,27,,,
91,Śākyamuni Buddha with Geluk Masters,"<p>
	This eighteenth-century painting depicts Śākyamuni Buddha with primordial buddha Vajradhara, bodhisattvas Maitreya and Mañjuśrī, and multiple Geluk masters.&nbsp;</p>",309,shakyamuni.jpg,shakyamuni_thumb.jpg,342,2017-08-22 12:35:48,2,2024-01-25 21:20:27,5,1,342,2018-11-04 14:24:05,"<p>
	Rubin Museum of Art acc.# P1996.19.13</p>",,painting,69,Geluk,27,,,
105,Pehar Gyelpo,"<p>
	The protector deity Pehar Gyelpo is depicted with three Geluk masters above.&nbsp;</p>",213,pehar.jpg,pehar_thumb.jpg,342,2019-02-01 18:43:45,342,2019-02-01 18:52:41,5,1,342,2019-02-01 18:52:41,"<p>
	Rubin Museum of Art</p>",,painting,73,Geluk,27,,,
123,Panchen Lama and Bakula Rinpoche,"<p>
	Panchen Lama and Bakula Rinpoche photograped in Kathmandu, Nepal, 1986.</p>",,bakula-panchen-ktm-1986.jpg,bakula-panchen-ktm-1986_thumb.jpg,342,2022-09-07 19:02:08,342,2022-09-07 19:07:12,5,1,342,2022-09-07 19:07:12,"<p>
	Photograph courtesy&nbsp;Sonam Wangchuk&nbsp;Shakspo</p>",,photograph,80,Geluk,27,,,
127,Panchen Lama Lobzang Chokyi Gyeltsen,"<p>
	Lobzang Chokyi Gyeltsen, the first person to hold the title of Paṇchen Lama, is pictured in this eighteenth century painting, with Maitreya to the right enveloped in a rainbow. The upper left depicts Cakrasaṃvara and to the right is Paṇchen Lama's teacher Khedrub Sanggye Yeshe. The lower left shows Vaiśravaṇa, with Begtse Chen to the right.</p>",477,PanchenLama.jpg,PanchenLama_thumb.jpg,342,2023-01-18 15:28:52,342,2023-01-18 15:41:24,5,1,342,2023-01-18 15:41:24,"<p>
	Rubin Museum of Art</p>",,painting,69,Geluk,27,,,
107,Bodhisattva with Atisa and Dromton,"<p>
	This eighteenth century painting of a Bodhisattva depicts Atiśa and Kadam founder Dromton on the top (left and right). Tara and Jambala are pictured along the bottom. Dromton is considered an emanation of Padmapani Avalokiteśvara, who is the central figure in this image according to some sources. However, the presence of a sword and book suggests that the central figure is Mañjuśrī.</p>",59247,1997.305_print.jpg,1997.305_print_thumb.jpg,342,2019-04-23 18:26:17,342,2019-04-24 14:16:18,5,1,342,2019-04-24 14:16:18,"<p>
	The Cleveland Museum of Art, Bequest of Lillian M. Kern</p>
<p>
	1997.305</p>",,painting,70,Kadam,4,,,
108,Atiśa,"<p>
	This painting of Atiśa is from the early to mid twelfth century and features extensive inscriptions on the reverse side.&nbsp;</p>",,atisa.jpg,atisa_thumb.jpg,342,2019-05-02 14:58:50,342,2019-05-02 15:48:11,5,1,342,2019-06-04 15:38:55,"<p>
	The Metropolitan Museum of Art</p>
<p>
	Gift of Steven Kossak, The Kronos Collections, 1993</p>
<p>
	<a href=""https://www.metmuseum.org/art/collection/search/38006"" target=""_blank"">Accession Number:1993.479</a></p>",,painting,45,Kadam,4,,,
109,Preaching Śākyamuni,"<p>
	This prayer card dating to around the year 1000 is from Toling in Western Tibet. It depicts&nbsp;Śākyamuni Buddha in a preaching posture.&nbsp;</p>",59217,2000.67_print.jpg,2000.67_print_thumb.jpg,342,2019-11-15 16:01:02,342,2019-11-15 16:08:18,5,0,,,"<p>
	Cleveland Museum of Art</p>",,painting,41,Kadam,4,G2194,,
55,Puchungwa Zhonnu Gyelsten,"<p>
	An eighteenth century painting of Puchungwa Zhonnu Gyeltsen with Rinchen Zangpo.</p>",376,376-puchungwa.jpg,376-puchungwa_thumb.jpg,342,2016-06-13 16:30:08,342,2016-06-13 16:41:41,5,0,,,Rubin Museum of Art,,painting,69,"Kadam, Geluk",4; 27,,,
19,Six Kagyu Teachers With Lineage,"<p>
	An important early Kagyu painting, possibly the earliest known depiction of the First Karmapa. The lineage depicted is likely the Shri Saraha Hevajra that passed into Tibet through Zhang Yudrakpa.</p>",89141,89141.jpg,89141_thumb.jpg,2,2011-07-25 21:37:42,342,2016-05-26 14:02:00,5,1,2,2016-03-21 12:44:45,Rubin Museum of Art,,painting,53,Kagyu,8,,,
20,Karma Pakshi with lineage,"<p>
	A thirteenth-century portrait of the Second Karmapa, Karma Pakshi.</p>",68871,68871.jpg,68871_thumb.jpg,2,2011-07-27 17:25:52,342,2016-05-26 10:14:49,5,1,2,2016-03-21 13:32:20,,,painting,49,Kagyu,8,,,
22,Early Karmapa with footprints,"<p>
	The footprints of an early Karmapa, probably the first, Dusum Khyenpa, together with a portrait and the eight auspicious symbols.</p>",508,508.jpg,508_thumb.jpg,2,2011-07-28 15:45:39,342,2016-05-26 14:46:52,5,1,2,2016-03-21 12:45:03,Rubin Museum of Art,,painting,48,Kagyu,8,,,
29,Karma Kagyu Refuge Field,"<p>
	Karma Kagyu Field of Accumulation painting with the Fifteenth Karmapa, Kakyab Dorje, as the last lineage holder at the time of the compositions creation.</p>",65861,65861 refuge tree smaller.jpg,65861 refuge tree smaller_thumb.jpg,2,2011-09-06 23:11:34,342,2016-05-26 13:59:07,5,1,2,2016-03-21 12:45:48,Rubin Museum of Art,,painting,78,Kagyu,8,,,
37,Gampopa and Karmapa,"<p>
	This 16th century painting depicts two founding patriarchs of the Karma Kagyu school, Gampopa Sonam Rinchen and Dusum Khyenpa, later known as the First Karmapa.</p>
<p>
	&nbsp;</p>",536,gampopa-karmapa.jpg,gampopa-karmapa_thumb.jpg,294,2013-05-23 18:37:19,342,2020-09-16 17:30:12,5,1,2,2016-03-21 14:28:58,"<p>
	Rubin Museum of Art</p>",,painting,61,Kagyu,8,,,
46,Episodes from the Life of Milarepa,"<p>
	This nineteenth century painting of Milarepa is possibly a copy of an original from Pelpung Monastery. A representative of the Situ style, it exemplifies the types of paintings commissioned by Situ Panchen and his circle.&nbsp;</p>",921,milarepa.jpg,milarepa_thumb.jpg,342,2016-05-25 16:15:37,233,2016-06-08 22:49:14,5,1,233,2016-06-14 10:17:06,Rubin Museum of Art,,painting,73,Kagyu,8,G36,,
48,Third Pawo Tsuklak Gyatso,"<div>
	An exceptional painting of the Third Nenang Pawo surrounded by hierarchs of the Karma Kagyu and other traditions. The size of the hand and footprints suggest that they are stylized rather than actual prints.</div>
<div>
	&nbsp;</div>",825,tsuklak-gyatso.jpg,tsuklak-gyatso_thumb.jpg,233,2016-06-03 11:54:49,342,2017-05-08 12:52:18,5,1,342,2020-02-12 16:08:58,"<p>
	Rubin Museum of Art</p>",,painting,65,Kagyu,8,,,
77,Milarepa,"<p>
	An eighteenth century scuplture of Milarepa from Tibet, carved of stone.</p>",700037,milarepa.jpg,milarepa_thumb.jpg,342,2016-12-15 11:51:39,2,2017-01-12 11:25:33,5,1,2,2017-01-12 11:25:33,Rubin Museum of Art,,sculpture,69,Kagyu,8,,,
82,Machik Labdron,"<p>
	This nineteenth century painting depicts Machik Labdron with tantric deities and mahasiddhas.&nbsp;</p>",619,machik.jpg,machik_thumb.jpg,342,2017-02-03 11:23:20,342,2017-02-03 11:42:58,5,1,342,2017-02-03 11:42:58,"<p>
	Rubin Museum of Art</p>",,painting,73,Kagyu,8,,,
93,Pema Karpo,"<p>
	This 19th Century painting from Bhutan shows Pema Karpo surrounded by deities and Buddhist masters Marpa, Milarepa, and Marpa. The primordial buddha Vajradhara is pictured above the central figure.&nbsp;</p>",615,pemakarpo.jpg,pemakarpo_thumb.jpg,342,2017-11-01 16:48:54,342,2017-11-01 16:53:15,5,0,,,Rubin Museum of Art,,painting,73,Kagyu,8,,,
95,Avalokiteśvara Jinasagara with Kagyu Masters,"<p>
	Avalokiteśvara Jinasagara&nbsp;is depicted at center with meditation deities immediately surrounding: Hayagrīva (left), Guhyajñāna (right), Siddharajni (center top), Mahākāla (center bottom). On the uppermost level is Milarepa on the left, Marpa in the center, and Gampopa on the right.&nbsp;</p>",696,avalokiteshvara.jpg,avalokiteshvara_thumb.jpg,342,2018-01-16 15:39:56,342,2018-01-18 15:59:00,5,1,342,2020-02-12 16:08:50,Rubin Museum of Art,,painting,73,Kagyu,8,,,
100,Machik Labdron,"<p>
	19th Century painting of Machig Labdron as a wisdom dakini.</p>",57037,machig-57037.jpg,machig-57037_thumb.jpg,342,2018-03-12 15:33:16,342,2018-03-12 16:34:35,5,1,342,2018-03-12 16:34:35,"<p>
	Rubin Museum of Art</p>",,painting,73,Kagyu,8,,,
104,Avalokiteśvara,"<p>
	Ivory sculpture of Avalokiteśvara is attributed to the Tenth Karmapa, Choying Dorje (b.1604 - d.1674), and is dated to 1647-1648 or 1658.</p>",31668,Karmapa-10-Avalokiteshvara.jpg,Karmapa-10-Avalokiteshvara_thumb.jpg,342,2019-01-24 20:50:22,342,2019-01-24 21:21:30,5,1,342,2019-01-28 22:51:45,Cleveland Museum of Art,https://clevelandart.org/art/1968.280,sculpture,65,Kagyu,8,,"Tenth Karmapa, Choying Dorje",P1382
106,Jnanatapa,"<p>
	Jnanatapa is the central figure in this 14th century painting from Tibet. The Eight Mahasiddhas are depicted along with lineage figures from Taklung and Riwoche Monasteries.&nbsp;</p>",101352,DP-15583-020.jpg,DP-15583-020_thumb.jpg,342,2019-04-23 17:46:41,342,2019-04-23 17:46:41,1,1,342,2019-04-23 17:46:41,The Metropolitan Museum of Art,,painting,55,Kagyu,8,,,
126,Sixteenth Karmapa Rangjung Rigpai Dorje,"<p>
	This twentieth century painting of the Sixteenth Karmapa depicts Shakyamuni Buddha in the upper register and Kagyu masters below.&nbsp;</p>",858,Sixteenth-Karmapa.jpg,Sixteenth-Karmapa_thumb.jpg,342,2023-01-10 15:28:27,342,2023-01-11 17:47:58,5,0,,,"<p>
	Rubin Museum of Art</p>",,painting,77,Kagyu,8,,,
74,Third Karmapa and Lineage Masters,"<p>
	A unique image made with ink shows Buddhist masters from multiple traditions. The style is considered unusual and has been associated with the Tenth Karmapa.</p>",65562,thirdkarmapa.jpg,thirdkarmapa_thumb.jpg,342,2016-09-29 13:36:48,342,2020-06-19 15:58:07,5,1,342,2023-01-09 15:05:19,"<p>
	Rubin Museum of Art</p>",,painting,73,"Kagyu, Nyingma, Sakya",8; 1; 7,,,
34,Padmasambhava,"<p>
	The style of this painting is known as <em>tshal thang</em>, a red background with fine gold lines forming the shapes of the subject deities. Only the eyes are filled with white and black pigments.</p>",285,285 Padmasambhava.jpg,285 Padmasambhava_thumb.jpg,2,2012-04-04 20:05:53,342,2016-05-26 14:30:05,5,1,2,2016-03-21 13:33:22,Rubin Museum of Art,,,73,Nyingma,1,,,
35,Padmasambhava,"<p>
	An early image of Padmasambhava with Nyangrel Nyima Ozer and masters of various traditions, including Padampa Sanggye.</p>",160,160.Padma and Nyangrel.jpg,160.Padma and Nyangrel_thumb.jpg,2,2013-05-02 18:13:49,342,2016-05-26 14:10:55,5,1,2,2016-03-21 12:42:51,Shelley and Donald Rubin,,painting,49,Nyingma,1,,,
51,Padmasambhava,"<p>
	This eighteenth century painting features Padmasambhava surrounded by his consorts Yeshe Tsogyel and Mandarava. Below are Śāntarakṣita&nbsp; and Trisong Detsen.&nbsp;</p>",188,padmasambhava.jpg,padmasambhava_thumb.jpg,342,2016-06-10 14:31:39,342,2016-06-10 14:37:22,5,0,,,Rubin Museum of Art,,painting,73,Nyingma,1,,,
53,Khenpo Jigme Puntsok with Khandro Tāre Lama and Namtrul Jigme Puntsok,"<p>
	Prolific treasure revealers Namtrul Jigme Phuntsok and Khandro Tāre Lhamo are pictured beside Khenpo Jigme Puntsok, who gave them teachings and also authorized them as treasure revealers.&nbsp;</p>",,Terton Couple with Khenpo Jigme Phuntsok.jpg,Terton Couple with Khenpo Jigme Phuntsok_thumb.jpg,342,2016-06-13 13:09:37,342,2016-06-13 13:11:20,5,0,,,,,photograph,80,Nyingma,1,,,
54,The First Dorje Drak Rigdzin,"<p>
	A nineteenth century painting featuring the First Dorje Drak Rigdzin, Rigdzin Godemchen Ngodrub Gyeltsen, a Nyingma treasure revealer who discovered the Jangter, or Northern Treasures.&nbsp;</p>",1066,1066-godemchen.jpg,1066-godemchen_thumb.jpg,342,2016-06-13 16:00:42,342,2016-06-13 16:21:29,5,0,,,Rubin Museum of Art,,painting,53,Nyingma,1,,,
80,Rigdzin Kunzang Sherab,"<p>
	An 18th century painting of Rigdzin Kunzang Sherab, the founder of Pelyul monastery, surrounded by deities and Nyingma masters.</p>",777,rigdzinkunzangsherab.jpg,rigdzinkunzangsherab_thumb.jpg,342,2017-01-30 10:22:22,342,2017-01-30 11:14:03,5,0,,,Rubin Museum of Art,,,69,Nyingma,1,,,
83,Padmasambhava with Jigme Lingpa and Disciples,"<p>
	This 18th century painting depicts Padmasambhava as a monk surrounded by several disciples and Jigme Lingpa above his head.</p>",12,padmasambhava-disciples.jpg,padmasambhava-disciples_thumb.jpg,342,2017-02-10 10:41:21,342,2020-04-30 19:22:51,5,1,342,2020-04-30 19:22:51,"<p>
	Rubin Museum of Art</p>",,painting,69,Nyingma,1,,,
85,Three Sisters,"<p>
	The Three Sisters were Indian deities brought into the Tibetan pantheon initially in the eleventh century by the Sakya translator <a href=""/biographies/view/Bari-Lotsawa-Rinchen-Drak/TBRC_p3731"">Bari Lotsawa Rinchen Drak</a> and later through treasure revelation.</p>",1047,01047.JPG,01047_thumb.JPG,2,2017-06-13 10:10:32,342,2017-06-13 12:12:00,5,1,2,2017-06-13 10:20:17,"<p>
	Shelley and Donald Rubin Collection</p>",,painting,73,Nyingma,1,,,
90,Do Khyentse Yeshe Dorje,"<p>
	This 19th century painting depicts the central figure of Do Khyentse Yeshe Dorje with previous Nyingma masters above.&nbsp;</p>",300,do-khyentse.jpg,do-khyentse_thumb.jpg,342,2017-08-22 12:19:51,342,2017-08-22 12:23:15,5,0,,,"<p>
	Rubin Museum of Art</p>",,painting,73,Nyingma,1,,,
97,Padmasambhava as Pema Jungne,"<p>
	A nineteenth century painting of Padmasambhava as Pema Jungne depicts his disciple Sokpo Pelgyi Yeshe in the lower left corner.&nbsp;</p>",65094,65094.jpg,65094_thumb.jpg,342,2018-01-24 19:17:30,342,2018-01-24 20:00:40,5,1,342,2018-12-20 19:02:52,<p> Rubin Museum of Art</p><p> C2002.19.1</p>,,painting,73,Nyingma,1,,,
98,Padmasambhava as Sengge Dradok,"<p>
	This Nyingma painting of Padmasambhava as Sengge Dradok shows Yeshe Tsogyel in the lower right corner.</p>",633,Padmasambhava-Sengge-Dradok.jpg,Padmasambhava-Sengge-Dradok_thumb.jpg,342,2018-02-01 19:44:56,342,2018-02-01 19:47:32,5,0,,,<p>	Rubin Museum of Art<br>	Gift of Shelley & Donald Rubin Foundation<br>	F1997.30.8<br></p>,,painting,69,Nyingma,1,,,
99,Jatson Nyingpo,"<p>
	19th century painting of Jatson Nyingpo from eastern Tibet depicts the prolific treasure revealer wearing monks robes.</p>",1035,jatson-nyingpo.jpg,jatson-nyingpo_thumb.jpg,342,2018-02-02 16:10:05,342,2018-02-02 16:10:49,5,1,342,2018-02-10 21:07:27,Source: Rubin Museum of Art<br>Gift of Shelley & Donald Rubin<br>C2006.66.556,,painting,73,Nyingma,1,,,
102,Padmasambhava - Guru Drakpo,"<p>
	This 20th century painting depicts Padmasambhava in wrathful form as Guru Dragpo, in the treasure tradition of Padmasambhava biographer <a href=""/biographies/view/Nyangrel-Nyima-Ozer/TBRC_P364"">Nyangrel Nyima Ozer</a>.</p>",9,padmasambhava-guru-drakpo.jpg,padmasambhava-guru-drakpo_thumb.jpg,342,2018-10-30 16:15:08,342,2018-10-30 16:40:20,5,0,,,"<p>
	Rubin Museum of Art</p>",,painting,"77",Nyingma,1,,,
103,Namkhai Nyingpo,"<p>
	Namkhai Nyingpo, one of the twenty-five disciples of <a href=""/biographies/view/Padmasambhava/TBRC_P4956"">Padmasambhava</a>, is depicted with long-life ritual implements. Other details of this nineteenth century painting from Kham suggest a elements from <a href=""/biographies/view/Jamgon-Kongtrul's/TBRC_P264"">Jamgon Kongtrul's</a> story of Namkhai Nyingpo and Dorje Tso.&nbsp;</p>",678,namkhai-nyingpo.jpg,namkhai-nyingpo_thumb.jpg,342,2019-01-09 15:26:57,342,2019-01-09 16:02:47,5,1,342,2019-01-09 16:02:47,"<p>
	Rubin Museum of Art, Gift of Shelley and Donald Rubin</p>
<p>
	C2006.66.20</p>",,painting,73,Nyingma,1,,,
136,Rahula and Retinue,"<p>
	Rahula, wrathful protector of the the treasure tradition, is depicted with various masters in a nineteenth century painting from Kham.&nbsp;</p>",65864,rahula.jpg,rahula_thumb.jpg,342,2024-04-08 13:32:58,342,2024-04-08 16:49:12,5,1,733,2024-05-25 19:35:12,"<p>
	Rubin Museum of Art</p>",,painting,73,Nyingma,1,,,
118,Vajrakila,"<p>
	This 18th century painting of Vajrakila depicts Sakya masters on either side of Vajrasattva.</p>",90907,vajrakila.jpg,vajrakila_thumb.jpg,342,2020-05-15 16:26:57,342,2020-05-15 16:28:36,5,1,342,2021-04-14 22:39:17,"<p>
	Tibetan Painted Scrolls</p>",,painting,69,"Nyingma, Sakya",1; 7,,,
2,Mahakala - Panjarnata,"<p>
	Panjarnata Mahakala is the protector of the Hevajra cycle of Tantras. The iconography and rituals are found in the 18th chapter of the Vajra Panjara (canopy, or pavilion) Tantra, an exclusive 'explanatory tantra' to Hevajra itself. It is dated to the late fourteenth or early fifteenth century.</p>",82,HAR82_nav.jpg,HAR82_nav_thumb.jpg,1,2011-07-08 21:27:27,342,2017-03-22 9:30:26,5,1,2,2016-03-21 12:47:37,"<p>
        Rubin Museum of Art</p>",,painting,56,Sakya,7,,,
3,Mahakala - Panjarnata,"<p>
	Mahakala surrounded by the stylized flames of pristine awareness and emanating forth from the licks of flame are messengers in the shapes of various animals, black crows, black dogs, wolves, black men and women.</p>",642,HAR642_nav.jpg,HAR642_nav_thumb.jpg,1,2011-07-08 21:29:47,342,2016-05-26 13:41:34,5,1,2,2016-03-21 12:48:00,Rubin Museum of Art,,painting,57,Sakya,7,,,
5,Sachen Kunga Nyingpo,"<p>
	A painting of Sachen Kunga Nyingpo.</p>",65789,HAR65789_nav.jpg,HAR65789_nav_thumb.jpg,1,2011-07-24 20:01:14,342,2016-05-26 13:35:57,5,1,2,2016-03-21 12:49:03,Rubin Museum of Art,,painting,61,Sakya,7,,,
6,Ngorchen Kunga Zangpo,"<p>
	Ngorchen Kunga Zangpo, the founder of the Ngor Branch of the Sakya tradition.</p>",134,HAR134_nav.jpg,HAR134_nav_thumb.jpg,1,2011-07-24 20:02:02,342,2016-05-26 13:33:39,5,1,2,2016-03-21 12:49:56,Shelley and Donald Rubin,,painting,59,Sakya,7,,,
7,Ngorchen Kunga Zangpo,"<p>
	Ngorchen Kunga Zangpo at the left and his successor Muchen Sempa Chenpo Konchok Gyaltsen sitting on the right, surrounded by lineage teachers.</p>",128,HAR128_nav.jpg,HAR128_nav_thumb.jpg,1,2011-07-24 20:02:42,342,2016-05-26 13:31:44,5,1,2,2016-03-21 12:50:39,Rubin Museum of Art,,painting,59,Sakya,7,,,
8,Buddhashri,"<p>
	Buddhashri surrounded by the lineage teachers of the Yogachara tradition of Buddhist philosophy. He was the principal teacher of Ngorchen Kunga Zangpo, the founder of the Ngor branch of the Sakya tradition.</p>",269,HAR269_nav.jpg,HAR269_nav_thumb.jpg,1,2011-07-24 20:03:32,342,2016-05-26 12:46:37,5,1,2,2016-03-21 12:51:21,Rubin Museum of Art,,painting,58,Sakya,7,,,
9,Lhachok Sengge,"<p>
	An ivory statue of Lhachok Sengge. The inscription on the base of the statue reads ""rgyal ba lha mchog seng ge.""</p>",65232,HAR65232_nav.jpg,HAR65232_nav_thumb.jpg,1,2011-07-24 20:05:31,233,2016-06-22 15:56:55,5,1,2,2016-06-22 15:34:13,"<p>
	Rubin Museum of Art</p>",,sculpture,61,Sakya,7,,,
10,Damarupa,"<p>
	Damarupa and Avadhutipa, two Indian Siddhas. On the left is the siddha Damarupa holding upraised in his right hand a damaru drum and a skullcup in the left. On the viewer's right is Avadhutipa holding a skullcup to the heart with the left hand and pointing downwards with the right hand.</p>",946,HAR946_nav.jpg,HAR946_nav_thumb.jpg,1,2011-07-24 20:06:39,342,2016-05-26 12:25:07,5,1,2,2016-03-21 12:52:45,Rubin Museum of Art,,painting,61,Sakya,7,,,
11,Sanggye Sengge,"<p>
	Sanggye Sengge, the eleventh throne holder of Ngor Ewam Monastery.</p>",493,HAR493_nav.jpg,HAR493_nav_thumb.jpg,1,2011-07-24 20:07:18,342,2016-05-26 12:16:08,5,1,2,2016-03-21 12:53:12,Rubin Museum of Art,,painting,60,Sakya,7,,,
12,Two Lineal Lamas,"<p>
	Two men, Kunkhyen and Jamyang Chokyi Gyalpo. This painting is from a set of compositions that appears based on similar paintings identified as a Sakya Lamdre Lineage set. The secondary lineage that starts at the top left and proceeds down the right and left registers is possibly the Prajnaparamita Lineage beginning with Shakyamuni Buddha.</p>",457,HAR457_nav.jpg,HAR457_nav_thumb.jpg,1,2011-07-24 20:08:00,342,2016-05-26 12:12:55,5,1,2,2016-03-21 12:53:48,Rubin Museum of Art,,painting,61,Sakya,7,,,
13,Sangye Sengge,"<p>
	Sanggye Sengge, the eleventh throne holder of Ngor Ewam Monastery is the main figure in this work, created between 1550 and 1560. It is in the Menri style with Beri elements.</p>",96,HAR96_nav.jpg,HAR96_nav_thumb.jpg,1,2011-07-24 20:08:44,342,2016-05-26 11:43:47,5,1,2,2016-03-21 12:54:26,Rubin Museum of Art,,painting,63,Sakya,7,,,
14,Sachen Kunga Nyingpo,"<p>
	A portrait of Sachen Kunga Nyingpo in the classic Beri style. Based on stylistic comparison, it is likely from the fourteenth or fifteenth century.</p>",944,HAR944_nav.jpg,HAR944_nav_thumb.jpg,1,2011-07-24 20:09:24,342,2016-05-26 11:31:32,5,1,2,2016-03-21 12:55:03,Rubin Museum of Art,,painting,57,Sakya,7,,,
15,Jetsun Drakpa Gyaltsen,"<p>
	Drakpa Gyaltsen and Sakya Pandita, uncle and nephew, teacher and student surrounded by the lineage Kings of Shambhala. This composition belongs to a larger set of paintings depicting the Lamdre Lineage of the Sakya Tradition of Tibetan Buddhism in a two figure per composition configuration.</p>",580,HAR580_nav.jpg,HAR580_nav_thumb.jpg,1,2011-07-24 20:10:05,342,2016-05-26 13:51:58,5,1,2,2016-03-21 12:46:13,Rubin Museum of Art,,painting,57,Sakya,7,,,
16,Shangton Chobar,"<p>
	Shangton Chobar with Sachen Kunga Nyingpo on the middle left, Sonam Tsemo on the right.</p>",63,HAR63_nav.jpg,HAR63_nav_thumb.jpg,1,2011-07-24 20:10:52,342,2016-05-26 11:19:02,5,1,2,2016-03-21 12:56:12,Rubin Museum of Art,,painting,61,Sakya,7,,,
17,Sakya Pandita Kunga Gyaltsen,"<p>
	A Sakya lineage painting.</p>",935,HAR935_nav.jpg,HAR935_nav_thumb.jpg,1,2011-07-24 20:11:54,342,2016-05-26 11:18:03,5,1,2,2016-03-21 12:56:42,Rubin Museum of Art,,painting,69,Sakya,7,,,
23,Drakpa Gyeltsen and Sakya Pandita,"<p>
	Drakpa Gyeltsen and Sakya Pandita, uncle and nephew, teacher and student surrounded by the lineage Kings of Shambhala. This composition belongs to a larger set of paintings depicting the Lamdre Lineage of the Sakya Tradition in a two figure per composition configuration.</p>",580,580.jpg,580_thumb.jpg,2,2011-07-28 15:48:56,342,2016-05-26 14:29:27,5,1,2,2016-03-21 13:35:02,Rubin Museum of Art,,,61,Sakya,7,,,
28,Sakya Lotsawa with his teachers,"<p>
	Sakya Lotsawa Jampai Dorje, the twenty-third Sakya Tridzin.</p>",89148,rsz_1rsz_189141_smaller.jpg,rsz_1rsz_189141_smaller_thumb.jpg,2,2011-08-03 16:08:58,342,2016-05-26 14:27:23,5,1,2,2016-03-21 12:38:36,Rubin Museum of Art,,painting,61,Sakya,7,,,
39,Wangdu Nyingpo and other masters,"<p>
	Wangdu Nyinpo was the Twenty-ninth Sakya Tridzin. This painting gives visual representation to his previous incarnations, which include Padmasambhava, and some of his disciples.</p>",412,412.jpg,412_thumb.jpg,2,2014-02-12 9:01:08,342,2016-05-26 14:12:44,5,1,2,2016-03-21 12:41:14,Rubin Museum of Art,,painting,73,Sakya,7,,,
66,A sculpture of Lowo Khenchen,"<p>
	A cast bronz sculpture of the 15th-16th century Ngor master Lowo Khenchen Sonam Lhundrub</p>",87137,Lowo Khenchen.jpg,Lowo Khenchen_thumb.jpg,2,2016-06-22 16:35:58,2,2016-06-22 16:41:13,5,1,233,2016-06-30 10:00:55,"<p>
	Philadelphia Museum of Art</p>",,sculpture,,Sakya,7,,,P782
94,Sachen Kunga Nyingpo,"<p>
	A fifteenth century painting of Sachen Kunga Nyingpo, the Third Sakya Trizin and son of Khon Konchok Gyelpo.</p>",944,sachen.jpg,sachen_thumb.jpg,342,2017-11-02 15:12:22,342,2017-11-02 15:13:19,5,0,,,,,painting,57,Sakya,7,,,
119,Avalokiteśvara,"<div id=""id_5f171b82bcc329f51625605"">
	This sixteenth-century thangka&nbsp;of Avalokiteśvara depicts the teaching lineage named for&nbsp;<a href=""https://treasuryoflives.org/biographies/view/Tsembupa/TBRC_P9999"">Tsembupa</a>&nbsp;known as&nbsp;'tshem bu lugs', one of the five great systems of Avalokiteśvara practice in Tibet. This system is well preserved in Geluk and Sakya traditions.</div>",86433,avalokitshvara-tsebumluk.jpg,avalokitshvara-tsebumluk_thumb.jpg,342,2020-07-21 16:49:38,2,2020-12-08 14:50:52,5,1,2,2020-12-08 14:50:52,Metropolitan Museum of Art,,painting,61,Sakya,7,,,
21,Taklung Tangpa Tashi Pel with lineage,"<p>
	A portrait of Taklung Tangpa Tashi Pel with the basic Kagyu lineage, dating to the thirteenth century.</p>",89957,89957.jpg,89957_thumb.jpg,2,2011-07-27 19:37:54,342,2016-05-26 14:28:06,5,1,2,2016-03-21 12:38:11,,,painting,49,Taklung Kagyu,45,,,
25,Pakmodrupa Dorje Gyelpo,"<p>
	Pakmodrupa Dorje Gyelpo. One of the three principal students of Gampopa and teacher to many patriarchs of Kagyu sub-traditions.</p>",65461,65461.jpg,65461_thumb.jpg,2,2011-07-29 16:49:41,342,2016-05-26 10:15:19,5,1,2,2016-03-21 13:32:10,,,painting,49,Taklung Kagyu,45,,,
33,Pakmodrupa,"<p>
	Pakmodrupa Dorje Gyelpo, one of the three principal students of Gampopa.</p>",65119,65119.Pakmodrupa.jpg,65119.Pakmodrupa_thumb.jpg,2,2012-04-04 18:50:03,233,2016-03-21 13:31:35,5,1,2,2016-03-21 13:31:35,Rubin Museum of Art,,painting,53,Taklung Kagyu,45,G70,,
26,Padampa Sanggye,"<p>
	An early statue of the twelfth century adept Padampa Sanggye</p>",68480,68480.jpg,68480_thumb.jpg,2,2011-07-29 17:28:09,233,2016-06-22 15:56:42,5,1,2,2016-06-22 15:34:10,"<p>
	Nyingje Lam</p>",,sculpture,49,Zhije and Chod,37,,,
101,Machik Labdron and Chod Refuge Field,"<p>
	Mid-20th century painting of Machik Labdron and the Chod refuge field displaying teachers and deities.&nbsp;</p>",223,machik-field.jpg,machik-field_thumb.jpg,342,2018-03-12 19:44:54,342,2018-03-13 17:18:36,5,0,,,"<p>
	Rubin Museum of Art</p>",,painting,79,Zhije Chod,37,,,
4,Six Kagyu Teachers with Lineage,"<p>An unusual Kagyu lineage -- possibly the Shri Sahaja Hevajra -- painting, which includes one of the earliest known image of a Karmapa.</p>",89141,89141.jpg,89141_thumb.jpg,2,2011-07-11 15:17:36,1,2011-07-24 23:47:34,2,1,2,2016-03-21 13:34:41,,,,,,,,,
49,Śākyaśrībhadra,"<p>
	An eighteenth century painting of the Indian master&nbsp;Śākyaśrībhadra.</p>",142,sakyasribhadra.jpg,sakyasribhadra_thumb.jpg,342,2016-06-03 13:08:54,342,2016-06-03 13:19:00,5,1,233,2016-06-03 14:30:30,,,painting,69,,,,Shelley & Donald Rubin,
50,"Tibetan Trade Delegation to the US and  UK, 1948","<p>
	The Tibetan Trade Delegation to the US and the UK stand outside 10 Downing Street with Prime Minister Clement Atlee. The photo shows, from left to right, Khenchung Tubten Tsepel Taikhang (younger brother of Shakabpa), Finance Minister Wangchuk Deden Shakabpa, Yampel Pangdatsang, Prime Minister Clement Atlee, Surkhang Lhawang Topgyal and Kaludharma Ratna (interpreter). An Advanced Political History of Tibet misidentifies Surkhang Lhawang Topgyal as his father Dzasa Surkhang Surpa Wangchen Tseten, but in fact it was Surkhang Lhawang Topgyal who was part of the trade delegation as its interpreter.&nbsp;</p>",,DelegationPicture.jpg,DelegationPicture_thumb.jpg,343,2016-06-10 13:50:41,343,2016-08-05 12:27:09,5,1,343,2016-08-05 12:27:09,"<p>
	<a href=""http://www.brill.com/one-hundred-thousand-moons-2-vols"">One Hundred Thousand Moons: An Advanced Political History of Tibet</a> Vol 2</p>",,photograph,79,,,,,
52,The Demoness of Tibet,"<p>
	The Demoness of Tibet is a close copy of a well-known image located in the Tibet Museum in Lhasa. The landscape of Tibet is shown as the mythical demoness of Tibetan legend. Important Buddhist temples and monasteries are located across her body, spanning from the Ngari region in the west to Kham in the east.&nbsp;</p>",65719,demoness.jpg,demoness_thumb.jpg,342,2016-06-10 15:10:40,342,2019-01-23 15:35:15,5,1,233,2016-07-18 14:03:13,"<p>
	Tibet; Late 19th/early 20th century<br />
	Pigments on cloth<br />
	Rubin Museum of Art<br />
	C2006.1.1 (HAR 65719)</p>",,painting,77,,,,,
57,Surkhang Wangchen Tseten and Lhagyari Tseten Chodzom,"<p>
	Surkhang Wangchen Tseten and his first wife Lhagyari Tseten Chodzom, circa 1926.&nbsp;</p>",,photo (9).JPG,photo (9)_thumb.JPG,343,2016-06-16 13:29:08,343,2016-06-22 15:36:32,5,1,343,2016-06-22 15:36:32,"<p>
	<a href=""http://www.shambhala.com/house-of-the-turquoise-roof.html"">House of the Turquoise Roof</a></p>",,photograph,77,,,,,
58,Yuthok Dorje Yudon,"<p>
	Yuthok Dorje Yudon, second from right, with her relatives, ca. 1937, was a member of two prominent Lhasa families, the Surkhangs and the Yuthoks.&nbsp;</p>",,photo (11).JPG,photo (11)_thumb.JPG,343,2016-06-16 13:53:59,343,2016-06-16 14:04:47,5,1,343,2016-06-16 14:04:53,,,photograph,78,,,,House of the Turquoise Roof,
59,Lhagyari Namgyel Gyatso,"<p>
	Lhagyari Namgyel Gyatso, the Seventeenth Ruler of Eyul and the head of the aristocratic Lhagyari family, in his later years in exile in India.</p>",,LhagyariNamgyelGyatso1.jpg,LhagyariNamgyelGyatso1_thumb.jpg,343,2016-06-16 14:23:23,343,2016-06-16 14:25:35,5,1,233,2016-06-22 17:46:14,,,photograph,77,,,,Lhagyari family,
60,Lhagyari Namgyel Gyatso and Lhagyari Puntsok Drolkar,"<p>
	A wedding picture of Lhagyari Namgyel Gyatso, the Seventeenth Ruler of Eyul, with his second wife Puntsok Drolkar, in India. In 1985.&nbsp;</p>",,LhagyariWedding.jpg,LhagyariWedding_thumb.jpg,343,2016-06-16 14:57:41,343,2016-06-22 15:36:16,5,1,233,2016-06-22 10:48:52,"<p>
	<a href=""https://www.tbrc.org/#!rid=W00KG09731"">The Lhagyari Chronicles</a></p>",,photograph,77,,,,,
61,Yuthok Dorje Yudon,"<p>
	A photo of Yuthok Dorje Yudon, a member of the Surkhang family who married into the Yuthoks, in 1988, taken by Christine Cox.&nbsp;</p>",,photo (7).JPG,photo (7)_thumb.JPG,343,2016-06-17 14:36:04,343,2016-06-22 14:58:29,5,1,343,2016-06-22 14:58:31,"<p>
	<a href=""http://www.shambhala.com/house-of-the-turquoise-roof.html"">House of the Turquoise Roof</a></p>",,photograph,80,,,,,
62,Surkhang Wangchen Gelek,"<p>
	Surkhang Wangchen Gelek, who became a Kalon of the Tibetan government at the age of 33.&nbsp;</p>",,Courtsey of Shambhala Publications.jpg,Courtsey of Shambhala Publications_thumb.jpg,343,2016-06-17 15:03:15,343,2016-06-17 15:14:20,5,1,343,2016-06-17 15:16:20,Shambala Publications,,photograph,79,,,,,
63,Surkhang Wangchen  Gelek,"<p>
	Surkhang Wangchen Gelek is pictured with His Holiness the Fourteenth Dalai Lama to the right. This is clearly at some sort of ceremonial event in Lhasa.&nbsp;</p>",,Courtesy of TransHimalayan Heritage1.jpg,Courtesy of TransHimalayan Heritage1_thumb.jpg,343,2016-06-17 15:38:07,343,2016-06-17 15:40:41,5,0,,,,,photograph,79,,,,TransHimalayan Heritage,
64,Yuthok Tashi Dhondup and Kunpel,"<p>
	Yuthok Tashi Dhondup with Kunpel, a favorite of the Thirteenth Dalai Lama, with the Dalai Lama's Baby Austin with the license plate ""Tibet 2."" The photo was taken in 1933 in front of the British mission at Dekyilingka in Lhasa.&nbsp;</p>",,BabyAustin.jpg,BabyAustin_thumb.jpg,343,2016-06-17 15:55:59,343,2016-06-22 15:45:24,5,1,343,2016-06-22 15:45:24,"<p>
	<a href=""https://commons.wikimedia.org/wiki/File:Kunphela_and_Tashi_Dhondup_with_Baby_Austin_at_Dekyi-lingka_19.9.33.jpg"">Margaret Williamson, Wikimedia Commons</a></p>",,photograph,77,,,,,
65,Yuthok Tashi Dhondup and Taring Jigme,"<p>
	Yuthok Tashi Dhondup and Taring Jigme, generals in the Tibetan army, circa 1931. Yuthok was Depon or general of the Drongdrak garrison at the time.</p>",,photo-20.JPG,photo-20_thumb.JPG,343,2016-06-17 17:03:04,343,2016-06-22 15:01:33,5,1,343,2016-06-22 15:01:33,"<p>
	<a href=""http://www.shambhala.com/house-of-the-turquoise-roof.html"">House of the Turquoise Roof</a></p>",,photograph,78,,,,,
69,Perspective Drawing of Lhasa,"<p>
	This drawing shows Lhasa before 1950 from an elevated perspective. The highly detailed representation shows many major monasteries and landmarks of Lhasa.</p>",,Lhasa perspective.jpg,Lhasa perspective_thumb.jpg,342,2016-09-07 12:46:07,342,2016-09-07 12:55:31,5,1,342,2016-09-08 15:11:57,"<p>
	Collection of Knud Larsen</p>",,painting,78,,,,,
70,Rinchen Sadutshang with Taklha Phuntsok Tashi,"<p>
	Rinchen Sadutshang, a fifth rank official at the Tibetan foreign ministry, with his colleague Takla Phuntsok Tashi, a brother in law of the Fourteenth Dalai Lama, in front of the Potala in 1952. Sadutshang would later become a Kalon in India in 1978 and would become the Representative at the Bureau of the Dalai Lama in Delhi, his last post before retirement.&nbsp;</p>
<p>
	&nbsp;</p>",,R Sadutshang with Taklha.JPG,R Sadutshang with Taklha_thumb.JPG,343,2016-09-07 15:34:34,343,2016-09-07 17:29:01,5,1,343,2016-09-07 17:29:17,"<p>
	A Life Unforeseen: A Memoir of Service to Tibet by Rinchen Sadutshang</p>",,photograph,79,,,,,
71,"Lo Gendun Sadutshang with Khampas, 1951","<p>
	Lo Gendun Sadutshang with Khampas he had gathered as armed guards to escort the young Fourteenth Dalai Lama, who had just assumed full political power, from the capital Lhasa to Yatung by the border for safety, in December 1951.&nbsp;</p>
<div>
	&nbsp;</div>",,Lo Gendun Sadutshang.JPG,Lo Gendun Sadutshang_thumb.JPG,343,2016-09-07 15:36:41,343,2016-09-09 13:48:35,5,1,343,2016-09-09 13:48:35,"<p>
	A Life Unforeseen: A Memoir of Service to Tibet by Rinchen Sadutshang</p>",,photograph,79,,,,,
72,Tibetan Delegation to the United Nations,"<p>
	Tibetan government officials Rinchen Sadutshang, Tsipon Wangchuk Deden Shakabpa and Gyalo Thondup, the Dalai Lama's older brother in front of the United Nations in September 1959. The delegation made three such trips to the UN, in the falls of 1959, 1960 and 1961, to seek support for Tibet. &nbsp;</p>
<p>
	&nbsp;</p>",,UN Delegation pic.jpg,UN Delegation pic_thumb.jpg,343,2016-09-07 16:30:26,342,2019-06-05 17:58:57,5,1,343,2016-09-09 13:46:56,"<p>
	A Life Unforeseen: A Memoir of Service to Tibet by Rinchen Sadutshang</p>",,photograph,79,,,,,
79,Surkhang Wangchen Gelek with Dekyi Lhaze,"<p>
	Surkhang Wangchen Gelek with wife Dekyi Lhaze and daughter in Lhasa city with the Potala Palace in the background. The photo was taken by Heinrich Harrer.&nbsp;</p>",,photo (14).JPG,photo (14)_thumb.JPG,343,2016-12-15 17:39:51,343,2016-12-15 17:41:32,5,1,343,2016-12-15 17:43:23,"<p>
	House of the Turquoise Roof</p>",,photograph,,,,,,
87,Group of Tibetan Army Officers,"<p>
	A group of Tibetan army officers with Tsarong Dasang Damdul seated in the center. The photo was likely taken in Lhasa. Tsarong, a commoner who rose to become Commander-in-Chief, created the first modern Tibetan army.&nbsp;</p>",,photo (22).JPG,photo (22)_thumb.JPG,343,2017-06-15 17:08:36,343,2017-06-15 17:12:24,5,1,342,2023-03-11 22:16:23,"<p>
	Wisdom Publications. From Daughter of Tibet by Rinchen Dolma Taring</p>",,photograph,78,,,,,
88,Taring Women,"<p>
	Taring Rinchen Dolma with her mother-in-law Rani Taring and her sister-in-law Kalden Wangmo. Raja Taring, Tsodrak Namgyal, of Sikkim, fled to Tibet in 1892 when the British Army entered Gangtok. He remained in Tibet, living at Taring estate near Gyantse, and later abdicating the Sikkim throne. His sons entered Tibetan government service.&nbsp;</p>
<p>
	&nbsp;</p>",,photo (23).JPG,photo (23)_thumb.JPG,343,2017-06-16 15:06:40,343,2017-06-16 15:10:15,5,1,343,2017-06-16 15:32:12,"<p>
	Courtesy of Wisdom Publications. Daughter of Tibet by Rinchen Dolma Taring</p>",,photograph,78,,,,,
110,Lhalungpas in Delhi,"<p>
	This undated photograph (collection of Samphe Lhalungpa) shows Jigme Rigden Lhalungpa, Lobsang Phuntsok Lhalungpa, Sogyal Rinpoche, Diki Lhalungpa, E. Gene Smith and Harold Talbott.&nbsp;</p>",,Lhalungpas-Gene-Smith-Delhi.jpg,Lhalungpas-Gene-Smith-Delhi_thumb.jpg,342,2019-12-09 13:35:44,342,2021-02-16 16:45:13,5,1,342,2021-04-14 21:36:50,,,photograph,79,,,,,
114,Letter from Tibetan Exile Government to Lobsang Phuntsok Lhalungpa,"<p>
	This letter from the Tibetan Government in Exile documents Lobsang Phuntsok Lhalungpa's role in cultural preservation activities of the early exile government.&nbsp;</p>",,HHDL Letter Lhalungpa.jpg,HHDL Letter Lhalungpa_thumb.jpg,342,2019-12-10 17:56:47,342,2019-12-17 14:44:15,5,1,342,2019-12-17 14:44:15,,,document,79,,,,<p>	Lhalungpa Family Archives</p>,
115,Letter from St. Joseph's College to Lobsang Phuntsok Lhalungpa,"<p>
	A letter certifying Lobsang Phunstok Lhalungpa's employment and exemplary service as a teacher at St. Joseph's College in Darjeeling.</p>",,St. Josephs Letter to Lhalungpa.jpg,St. Josephs Letter to Lhalungpa_thumb.jpg,342,2019-12-10 18:35:14,342,2019-12-10 18:42:09,5,1,342,2019-12-10 18:42:09,,,document,79,,,,<p>	Lhalungpa Family Archives</p>,
116,Receipt from Lobsang P. Lhalungpa to Sakya Trizin,"<p>
	A receipt dated September 9, 1965 documenting the dispersal of funds to the Sakya Trizin and the Sakya Settlement at Dehra Dun, by Lobsang P. Lhalungpa on behalf of the Tibet Society of United Kingdom.</p>",,Sakya Settlement Receipt.jpg,Sakya Settlement Receipt_thumb.jpg,342,2019-12-17 14:32:07,342,2019-12-17 14:42:34,5,1,342,2019-12-17 14:42:34,"<p>
	Lhalungpa Family Archive</p>",,document,75,,,,,
117,Receipt from Lobsang P. Lhalungpa to Tibetan Bonpo Foundation,"<p>
	A receipt dated from1965 documenting the dispersal of funds to the Tibet Bonpo Foundation by Lobsang P. Lhalungpa on behalf of the Tibet Society of United Kingdom. The Tibet Bonpo Foundation was registered at the Lhalungpa residence in Delhi.</p>",,Bonpo Foundation Receipt.jpg,Bonpo Foundation Receipt_thumb.jpg,342,2019-12-17 14:41:44,342,2019-12-17 14:42:19,5,0,,,,,document,75,,,,,
120,"Gyelrong Gyelpo, Tseten Zhabdrung, Meu Gyelpo","<p>
	Gyelrong Choktse Gyelpo, Tseten Zhabdrung and Meu Gyalpo photographed at the White Stupa in Beijing.&nbsp;</p>",,meu-gyalpo-tsetan-zhabdrung.jpg,meu-gyalpo-tsetan-zhabdrung_thumb.jpg,342,2020-08-24 16:41:37,2,2020-08-25 13:35:43,5,1,342,2020-08-24 23:53:52,,,photograph,79,,,,,
121,1966 at Kalsang Phug HQ,"<p>
	Tibetan resistance fighters at Kalsang Phug HQ in 1966.</p>",,Mustang leaders (medium-res).jpg,Mustang leaders (medium-res)_thumb.jpg,2,2021-07-01 18:54:13,2,2021-07-01 18:54:13,1,0,,,,,photograph,77,,,,,Tenzin Sonam
122,Officials at Hastings House,"<p>
	Officials at Hastings House in Calcutta, 1910.</p>",,Hastings_House_Calcutta_1910.jpg,Hastings_House_Calcutta_1910_thumb.jpg,342,2022-09-07 18:44:29,342,2022-09-07 18:52:51,5,0,,,,,photograph,78,,,,"<p>
	Charles Bell Collection</p>",
124,Tsarong Dasang Damdul and Tsarong Pema Dolkar,"<p>
	Dasang Damdul Tsarong and his wife Pema Dolkar during Losar, 1937.</p>",,tsarongs-losar-1937.jpg,tsarongs-losar-1937_thumb.jpg,342,2022-09-07 19:16:34,342,2022-09-07 19:18:23,5,0,,,"<p>
	<span style=""color: rgb(0, 0, 0); font-family: Helvetica, sans-serif; font-size: 13.3333px;"">Collection of Frederick Spencer Chapman</span></p>",,photograph,78,,,,,
125,Derge King Dorje Sengge with family,"<p>
	Members of the Royal Family of Derge led by Dorje Sengge</p>",,Sheltonpage299.jpg,Sheltonpage299_thumb.jpg,342,2022-09-07 19:43:18,342,2022-09-07 19:48:10,5,0,,,,,photograph,78,,,,"<p>	Photo by A.L. Shelton taken in 1918, from his article in <em>National Geographic</em>,",
128,Tseten Zhabdrung and Sungrab Gyatso,"<p>
	An unidentified person, Tseten Zhabdrung, Sungrab Gyatso (left to right)</p>",,tsetenzhabdrung-subgrabgyatso.jpg,tsetenzhabdrung-subgrabgyatso_thumb.jpg,342,2023-05-25 15:43:21,342,2023-05-25 15:47:43,5,0,,,,,photograph,80,,,,,
130,"Lama Gyurdrak, LP Lhalungpa, Canadian Commissioner and Family","<p>
	<a href=""/biographies/view/Lama-Gyurdrak/13811"">Lama Gyurdrak</a>&nbsp;and&nbsp;<a href=""/biographies/view/LP-Lhalungpa/TBRC_P1KG10060"">LP Lhalungpa</a>&nbsp;photographed with Canadian High Commisioner James George and family,&nbsp;Delhi, late 1960's.&nbsp;</p>",,georges-lhalungpa-gyurdrak.jpg,georges-lhalungpa-gyurdrak_thumb.jpg,342,2024-01-09 22:51:19,342,2024-01-09 22:53:11,5,0,,,,,photograph,,,,,,
132,Avalokiteśvara Sāhasrabhujalokeśvara,"<p>
	Avalokiteśvara with one thousand hands and eleven faces in the nyungne tradition of <a href=""/biographies/view/Gelongma-Pelmo/TBRC_P4CZ10542"">Gelongma Pelmo</a> with Geluk lineage teachers of <a href=""/geographies/view/Tashilhunpo-Monastery/TBRC_G104"">Tashilhunpo Monastery</a>.&nbsp;</p>
<p>
	Rubin Museum of Art, acc.# F1997.1.6</p>",40,AvalokitesvaraHAR40.jpeg,AvalokitesvaraHAR40_thumb.jpeg,2,2024-02-06 21:34:56,2,2024-02-07 17:07:33,5,1,2,2024-06-03 13:17:47,,,painting,77,,,,,
133,Tibetan Primer,"<p>
	1962 <em>Tibetan Primer</em> written by <a href=""/biographies/view/Lobsang-Phuntsok-Lhalungpa/TBRC_P1KG10060"">Lobsang Phuntsok Lhalungpa</a> on behalf of the <a href=""/biographies/view/Fourteenth-Dalai-Lama/TBRC_P1649"">Fourteenth Dalai Lama</a> in collaboration with <a href=""/biographies/view/Khendrung-Tubten-Norzang/TBRC_P9174"">Khendrung Tubten Norzang</a>, <a href=""/biographies/view/Dzeme-Rinpoche/TBRC_P2425"">Dzeme Rinpoche</a>, <a href=""/biographies/view/Dudjom-Rinpoche/TBRC_P736"">Dudjom Rinpoche</a>, <a href=""/biographies/view/Thartse-Khen-Rinpoche/TBRC_P8LS13104"">Thartse Khen Rinpoche</a>, <a href=""/biographies/view/Rato-Kyongla-Rinpoche/13831"">Rato Kyongla Rinpoche</a>, and published by <a href=""/biographies/view/ky/TBRC_P1KG15253"">Kundeling Woser Gyeltsen</a>.</p>",,tibetan-primer.jpg,tibetan-primer_thumb.jpg,342,2024-02-09 18:19:29,342,2024-02-15 14:06:05,5,1,342,2024-02-15 14:06:05,"<p>
	Estate of Lobsang P. Lhalungpa</p>",,document,79,,,,,
134,Dudjom Rinpoche with lamas in Kalimpong,"<p>
	Dudjom Rinpoche with lamas in Kalimpong,&nbsp;</p>",,DudjomRinpocheKalimpong.jpg,DudjomRinpocheKalimpong_thumb.jpg,2,2024-02-13 20:25:13,2,2024-02-13 20:46:28,5,0,,,,,photograph,77,,,,,
